{
  "l1": {
    "name": "L1 (frozen, phonemes)",
    "n": 1280,
    "mean": 0.5170551538467407,
    "std": 0.10991819947957993,
    "median": 0.46871866285800934,
    "q25": 0.4320562556385994,
    "q75": 0.6249003559350967,
    "iqr": 0.19284410029649734,
    "skewness": 0.5948708653450012,
    "frac_tbi_lt_005": 0.0
  },
  "l2_pre": {
    "name": "L2 pre-cascade (words)",
    "n": 1280,
    "mean": 0.2890922725200653,
    "std": 0.23968973755836487,
    "median": 0.3927786648273468,
    "q25": 9.999999747378752e-05,
    "q75": 0.4899987727403641,
    "iqr": 0.4898987727428903,
    "skewness": -0.18928277492523193,
    "frac_tbi_lt_005": 0.384375
  },
  "l2_post": {
    "name": "L2 post-cascade (words)",
    "n": 1280,
    "mean": 0.4163166880607605,
    "std": 0.3557632863521576,
    "median": 0.5634439289569855,
    "q25": 9.999999747378752e-05,
    "q75": 0.6104259341955185,
    "iqr": 0.6103259341980447,
    "skewness": 0.029232492670416832,
    "frac_tbi_lt_005": 0.384375
  },
  "l3": {
    "name": "L3 (cascade, sentences)",
    "n": 640,
    "mean": 0.34932631254196167,
    "std": 0.1391168087720871,
    "median": 0.37117357552051544,
    "q25": 0.29431232810020447,
    "q75": 0.4313870444893837,
    "iqr": 0.13707471638917923,
    "skewness": -1.044156551361084,
    "frac_tbi_lt_005": 0.0921875
  }
}