{
  "l1": {
    "name": "L1 (frozen, phonemes)",
    "n": 1280,
    "mean": 0.5170551538467407,
    "std": 0.10991819947957993,
    "median": 0.46871866285800934,
    "q25": 0.4320562556385994,
    "q75": 0.6249003559350967,
    "iqr": 0.19284410029649734,
    "skewness": 0.5948708653450012,
    "frac_tbi_lt_005": 0.0
  },
  "l2_pre": {
    "name": "L2 pre-cascade (words)",
    "n": 1280,
    "mean": 0.2890922725200653,
    "std": 0.23968973755836487,
    "median": 0.3927786648273468,
    "q25": 9.999999747378752e-05,
    "q75": 0.4899987727403641,
    "iqr": 0.4898987727428903,
    "skewness": -0.18928277492523193,
    "frac_tbi_lt_005": 0.384375
  },
  "l2_post": {
    "name": "L2 post-cascade (words)",
    "n": 1280,
    "mean": 0.4143124520778656,
    "std": 0.35475656390190125,
    "median": 0.558126300573349,
    "q25": 9.999999747378752e-05,
    "q75": 0.6088124513626099,
    "iqr": 0.6087124513651361,
    "skewness": 0.040412403643131256,
    "frac_tbi_lt_005": 0.384375
  },
  "l3": {
    "name": "L3 (cascade, sentences)",
    "n": 640,
    "mean": 0.35879579186439514,
    "std": 0.14554691314697266,
    "median": 0.3816521316766739,
    "q25": 0.2879994809627533,
    "q75": 0.45979441702365875,
    "iqr": 0.17179493606090546,
    "skewness": -1.0208783149719238,
    "frac_tbi_lt_005": 0.0921875
  }
}