{
  "l1": {
    "name": "L1 (frozen, phonemes)",
    "n": 1280,
    "mean": 0.5170551538467407,
    "std": 0.10991819947957993,
    "median": 0.46871866285800934,
    "q25": 0.4320562556385994,
    "q75": 0.6249003559350967,
    "iqr": 0.19284410029649734,
    "skewness": 0.5948708653450012,
    "frac_tbi_lt_005": 0.0
  },
  "l2_pre": {
    "name": "L2 pre-cascade (words)",
    "n": 1280,
    "mean": 0.2890922725200653,
    "std": 0.23968973755836487,
    "median": 0.3927786648273468,
    "q25": 9.999999747378752e-05,
    "q75": 0.4899987727403641,
    "iqr": 0.4898987727428903,
    "skewness": -0.18928277492523193,
    "frac_tbi_lt_005": 0.384375
  },
  "l2_post": {
    "name": "L2 post-cascade (words)",
    "n": 1280,
    "mean": 0.41153207421302795,
    "std": 0.35345640778541565,
    "median": 0.5482054948806763,
    "q25": 9.999999747378752e-05,
    "q75": 0.6023673415184021,
    "iqr": 0.6022673415209283,
    "skewness": 0.059680815786123276,
    "frac_tbi_lt_005": 0.384375
  },
  "l3": {
    "name": "L3 (cascade, sentences)",
    "n": 640,
    "mean": 0.36124593019485474,
    "std": 0.15030358731746674,
    "median": 0.3940912038087845,
    "q25": 0.2795213982462883,
    "q75": 0.45896487683057785,
    "iqr": 0.17944347858428955,
    "skewness": -0.8680624961853027,
    "frac_tbi_lt_005": 0.0921875
  }
}