{
  "l1": {
    "name": "L1 (frozen, phonemes)",
    "n": 1280,
    "mean": 0.5170551538467407,
    "std": 0.10991819947957993,
    "median": 0.46871866285800934,
    "q25": 0.4320562556385994,
    "q75": 0.6249003559350967,
    "iqr": 0.19284410029649734,
    "skewness": 0.5948708653450012,
    "frac_tbi_lt_005": 0.0
  },
  "l2_pre": {
    "name": "L2 pre-cascade (words)",
    "n": 1280,
    "mean": 0.2890922725200653,
    "std": 0.23968973755836487,
    "median": 0.3927786648273468,
    "q25": 9.999999747378752e-05,
    "q75": 0.4899987727403641,
    "iqr": 0.4898987727428903,
    "skewness": -0.18928277492523193,
    "frac_tbi_lt_005": 0.384375
  },
  "l2_post": {
    "name": "L2 post-cascade (words)",
    "n": 1280,
    "mean": 0.31366854906082153,
    "std": 0.2828214764595032,
    "median": 0.394388884305954,
    "q25": 9.999999747378752e-05,
    "q75": 0.46986904740333557,
    "iqr": 0.4697690474058618,
    "skewness": 0.33477383852005005,
    "frac_tbi_lt_005": 0.384375
  },
  "l3": {
    "name": "L3 (cascade, sentences)",
    "n": 640,
    "mean": 0.12241381406784058,
    "std": 0.07435062527656555,
    "median": 0.11732694506645203,
    "q25": 0.0861959233880043,
    "q75": 0.15443452075123787,
    "iqr": 0.06823859736323357,
    "skewness": 1.757104754447937,
    "frac_tbi_lt_005": 0.1046875
  }
}