{
  "l1": {
    "name": "L1 (frozen, phonemes)",
    "n": 1280,
    "mean": 0.5170551538467407,
    "std": 0.10991819947957993,
    "median": 0.46871866285800934,
    "q25": 0.4320562556385994,
    "q75": 0.6249003559350967,
    "iqr": 0.19284410029649734,
    "skewness": 0.5948708653450012,
    "frac_tbi_lt_005": 0.0
  },
  "l2_pre": {
    "name": "L2 pre-cascade (words)",
    "n": 1280,
    "mean": 0.2890922725200653,
    "std": 0.23968973755836487,
    "median": 0.3927786648273468,
    "q25": 9.999999747378752e-05,
    "q75": 0.4899987727403641,
    "iqr": 0.4898987727428903,
    "skewness": -0.18928277492523193,
    "frac_tbi_lt_005": 0.384375
  },
  "l2_post": {
    "name": "L2 post-cascade (words)",
    "n": 1280,
    "mean": 0.3113989233970642,
    "std": 0.28023868799209595,
    "median": 0.394381582736969,
    "q25": 9.999999747378752e-05,
    "q75": 0.46878841519355774,
    "iqr": 0.46868841519608395,
    "skewness": 0.32870927453041077,
    "frac_tbi_lt_005": 0.384375
  },
  "l3": {
    "name": "L3 (cascade, sentences)",
    "n": 640,
    "mean": 0.1192818433046341,
    "std": 0.07285913079977036,
    "median": 0.11424925550818443,
    "q25": 0.0825533028692007,
    "q75": 0.1483001708984375,
    "iqr": 0.0657468680292368,
    "skewness": 1.8055624961853027,
    "frac_tbi_lt_005": 0.109375
  }
}