{
  "l1": {
    "name": "L1 (frozen, phonemes)",
    "n": 1280,
    "mean": 0.5170551538467407,
    "std": 0.10991819947957993,
    "median": 0.46871866285800934,
    "q25": 0.4320562556385994,
    "q75": 0.6249003559350967,
    "iqr": 0.19284410029649734,
    "skewness": 0.5948708653450012,
    "frac_tbi_lt_005": 0.0
  },
  "l2_pre": {
    "name": "L2 pre-cascade (words)",
    "n": 1280,
    "mean": 0.2890922725200653,
    "std": 0.23968973755836487,
    "median": 0.3927786648273468,
    "q25": 9.999999747378752e-05,
    "q75": 0.4899987727403641,
    "iqr": 0.4898987727428903,
    "skewness": -0.18928277492523193,
    "frac_tbi_lt_005": 0.384375
  },
  "l2_post": {
    "name": "L2 post-cascade (words)",
    "n": 1280,
    "mean": 0.4145156443119049,
    "std": 0.35501259565353394,
    "median": 0.5593077838420868,
    "q25": 9.999999747378752e-05,
    "q75": 0.610940009355545,
    "iqr": 0.6108400093580713,
    "skewness": 0.04122476652264595,
    "frac_tbi_lt_005": 0.384375
  },
  "l3": {
    "name": "L3 (cascade, sentences)",
    "n": 640,
    "mean": 0.3554219901561737,
    "std": 0.14271889626979828,
    "median": 0.38612107932567596,
    "q25": 0.29230405390262604,
    "q75": 0.44225747138261795,
    "iqr": 0.1499534174799919,
    "skewness": -1.073959469795227,
    "frac_tbi_lt_005": 0.0921875
  }
}