{
  "l1": {
    "name": "L1 (frozen, phonemes)",
    "n": 1280,
    "mean": 0.5170551538467407,
    "std": 0.10991819947957993,
    "median": 0.46871866285800934,
    "q25": 0.4320562556385994,
    "q75": 0.6249003559350967,
    "iqr": 0.19284410029649734,
    "skewness": 0.5948708653450012,
    "frac_tbi_lt_005": 0.0
  },
  "l2_pre": {
    "name": "L2 pre-cascade (words)",
    "n": 1280,
    "mean": 0.2890922725200653,
    "std": 0.23968973755836487,
    "median": 0.3927786648273468,
    "q25": 9.999999747378752e-05,
    "q75": 0.4899987727403641,
    "iqr": 0.4898987727428903,
    "skewness": -0.18928277492523193,
    "frac_tbi_lt_005": 0.384375
  },
  "l2_post": {
    "name": "L2 post-cascade (words)",
    "n": 1280,
    "mean": 0.31225210428237915,
    "std": 0.2809067368507385,
    "median": 0.3947831094264984,
    "q25": 9.999999747378752e-05,
    "q75": 0.47204913198947906,
    "iqr": 0.4719491319920053,
    "skewness": 0.3226116895675659,
    "frac_tbi_lt_005": 0.384375
  },
  "l3": {
    "name": "L3 (cascade, sentences)",
    "n": 640,
    "mean": 0.11642341315746307,
    "std": 0.07275624573230743,
    "median": 0.11270993575453758,
    "q25": 0.07957965135574341,
    "q75": 0.14251357689499855,
    "iqr": 0.06293392553925514,
    "skewness": 1.8420333862304688,
    "frac_tbi_lt_005": 0.1140625
  }
}