{
  "l1": {
    "name": "L1 (frozen, phonemes)",
    "n": 1280,
    "mean": 0.5170551538467407,
    "std": 0.10991819947957993,
    "median": 0.46871866285800934,
    "q25": 0.4320562556385994,
    "q75": 0.6249003559350967,
    "iqr": 0.19284410029649734,
    "skewness": 0.5948708653450012,
    "frac_tbi_lt_005": 0.0
  },
  "l2_pre": {
    "name": "L2 pre-cascade (words)",
    "n": 1280,
    "mean": 0.2890922725200653,
    "std": 0.23968973755836487,
    "median": 0.3927786648273468,
    "q25": 9.999999747378752e-05,
    "q75": 0.4899987727403641,
    "iqr": 0.4898987727428903,
    "skewness": -0.18928277492523193,
    "frac_tbi_lt_005": 0.384375
  },
  "l2_post": {
    "name": "L2 post-cascade (words)",
    "n": 1280,
    "mean": 0.31216737627983093,
    "std": 0.2806828022003174,
    "median": 0.39518263936042786,
    "q25": 9.999999747378752e-05,
    "q75": 0.47122759371995926,
    "iqr": 0.47112759372248547,
    "skewness": 0.3220547139644623,
    "frac_tbi_lt_005": 0.384375
  },
  "l3": {
    "name": "L3 (cascade, sentences)",
    "n": 640,
    "mean": 0.12033633887767792,
    "std": 0.07447537034749985,
    "median": 0.11591585725545883,
    "q25": 0.08394503593444824,
    "q75": 0.14789801463484764,
    "iqr": 0.0639529787003994,
    "skewness": 1.88845956325531,
    "frac_tbi_lt_005": 0.103125
  }
}