{
  "l1": {
    "name": "L1 (frozen, phonemes)",
    "n": 1280,
    "mean": 0.5178055763244629,
    "std": 0.10639873147010803,
    "median": 0.4718012660741806,
    "q25": 0.43595415353775024,
    "q75": 0.6192277073860168,
    "q5": 0.40210712105035784,
    "q95": 0.7070853352546692,
    "iqr": 0.1832735538482666,
    "min": 0.2686178684234619,
    "max": 0.7331278324127197,
    "skewness": 0.6019026041030884,
    "frac_tbi_lt_005": 0.0
  },
  "l2_cascade": {
    "name": "L2 (cascade endpoint, words)",
    "n": 1280,
    "mean": 0.45548248291015625,
    "std": 0.3452889025211334,
    "median": 0.5660485327243805,
    "q25": 9.999999747378752e-05,
    "q75": 0.6089976280927658,
    "q5": 9.999999747378752e-05,
    "q95": 0.9958641916513443,
    "iqr": 0.608897628095292,
    "min": 9.999999747378752e-05,
    "max": 0.9980091452598572,
    "skewness": -0.1298176795244217,
    "frac_tbi_lt_005": 0.32109375
  },
  "l2_pre_cascade": {
    "name": "L2 (pre-cascade, words)",
    "n": 1280,
    "mean": 0.3178758919239044,
    "std": 0.2304823398590088,
    "median": 0.4128071814775467,
    "q25": 9.999999747378752e-05,
    "q75": 0.4964229092001915,
    "q5": 9.999999747378752e-05,
    "q95": 0.5918330699205399,
    "iqr": 0.4963229092027177,
    "min": 9.999999747378752e-05,
    "max": 0.9601318836212158,
    "skewness": -0.4487597942352295,
    "frac_tbi_lt_005": 0.32109375
  },
  "l3": {
    "name": "L3 (cascade endpoint, sentences)",
    "n": 640,
    "mean": 0.3123329281806946,
    "std": 0.12808413803577423,
    "median": 0.33152782917022705,
    "q25": 0.27386507391929626,
    "q75": 0.38801759481430054,
    "q5": 9.999999747378752e-05,
    "q95": 0.4654172077775002,
    "iqr": 0.11415252089500427,
    "min": 9.999999747378752e-05,
    "max": 0.6703214049339294,
    "skewness": -1.0426520109176636,
    "frac_tbi_lt_005": 0.103125
  }
}