{
  "l1": {
    "name": "L1 (frozen, phonemes)",
    "n": 1280,
    "mean": 0.5170551538467407,
    "std": 0.10991819947957993,
    "median": 0.46871866285800934,
    "q25": 0.4320562556385994,
    "q75": 0.6249003559350967,
    "iqr": 0.19284410029649734,
    "skewness": 0.5948708653450012,
    "frac_tbi_lt_005": 0.0
  },
  "l2_pre": {
    "name": "L2 pre-cascade (words)",
    "n": 1280,
    "mean": 0.2890922725200653,
    "std": 0.23968973755836487,
    "median": 0.3927786648273468,
    "q25": 9.999999747378752e-05,
    "q75": 0.4899987727403641,
    "iqr": 0.4898987727428903,
    "skewness": -0.18928277492523193,
    "frac_tbi_lt_005": 0.384375
  },
  "l2_post": {
    "name": "L2 post-cascade (words)",
    "n": 1280,
    "mean": 0.3110416531562805,
    "std": 0.27995753288269043,
    "median": 0.3893086761236191,
    "q25": 9.999999747378752e-05,
    "q75": 0.4694879725575447,
    "iqr": 0.4693879725600709,
    "skewness": 0.3293001651763916,
    "frac_tbi_lt_005": 0.384375
  },
  "l3": {
    "name": "L3 (cascade, sentences)",
    "n": 640,
    "mean": 0.1188652291893959,
    "std": 0.07323769479990005,
    "median": 0.1137842945754528,
    "q25": 0.08027317933738232,
    "q75": 0.15217974409461021,
    "iqr": 0.0719065647572279,
    "skewness": 1.760692834854126,
    "frac_tbi_lt_005": 0.115625
  }
}