{
  "l1": {
    "name": "L1 (frozen, phonemes)",
    "n": 1280,
    "mean": 0.5170551538467407,
    "std": 0.10991819947957993,
    "median": 0.46871866285800934,
    "q25": 0.4320562556385994,
    "q75": 0.6249003559350967,
    "iqr": 0.19284410029649734,
    "skewness": 0.5948708653450012,
    "frac_tbi_lt_005": 0.0
  },
  "l2_pre": {
    "name": "L2 pre-cascade (words)",
    "n": 1280,
    "mean": 0.2890922725200653,
    "std": 0.23968973755836487,
    "median": 0.3927786648273468,
    "q25": 9.999999747378752e-05,
    "q75": 0.4899987727403641,
    "iqr": 0.4898987727428903,
    "skewness": -0.18928277492523193,
    "frac_tbi_lt_005": 0.384375
  },
  "l2_post": {
    "name": "L2 post-cascade (words)",
    "n": 1280,
    "mean": 0.4110088348388672,
    "std": 0.35347646474838257,
    "median": 0.5510988831520081,
    "q25": 9.999999747378752e-05,
    "q75": 0.602952316403389,
    "iqr": 0.6028523164059152,
    "skewness": 0.0664161890745163,
    "frac_tbi_lt_005": 0.384375
  },
  "l3": {
    "name": "L3 (cascade, sentences)",
    "n": 640,
    "mean": 0.3415669798851013,
    "std": 0.13318902254104614,
    "median": 0.3697829693555832,
    "q25": 0.29075412452220917,
    "q75": 0.4158339574933052,
    "iqr": 0.12507983297109604,
    "skewness": -1.0915229320526123,
    "frac_tbi_lt_005": 0.0921875
  }
}